{
  "project_info": {
    "project_number": "698583356072",
    "project_id": "linguasyne",
    "storage_bucket": "linguasyne.appspot.com"
  },
  "client": [
    {
      "client_info": {
        "mobilesdk_app_id": "1:698583356072:android:52d0feb0eb3b8fa7a0e89d",
        "android_client_info": {
          "package_name": "com.example.linguasyne"
        }
      },
      "oauth_client": [
        {
          "client_id": "698583356072-r8i3l1jkoenk57vja95vf14ivrr7qh0v.apps.googleusercontent.com",
          "client_type": 3
        }
      ],
      "api_key": [
        {
          "current_key": "AIzaSyDSx6RwwQhnmcXqEZhpIZx-MU6K1aRSTZk"
        }
      ],
      "services": {
        "appinvite_service": {
          "other_platform_oauth_client": [
            {
              "client_id": "698583356072-r8i3l1jkoenk57vja95vf14ivrr7qh0v.apps.googleusercontent.com",
              "client_type": 3
            }
          ]
        }
      }
    }
  ],
  "configuration_version": "1"
}